{
  "hash": "be5c8e0d",
  "configHash": "0e1d66bc",
  "lockfileHash": "8d558f41",
  "browserHash": "9f7cd033",
  "optimized": {
    "@angular/common": {
      "src": "../../../../../node_modules/@angular/common/fesm2022/common.mjs",
      "file": "@angular_common.js",
      "fileHash": "b31c634d",
      "needsInterop": false
    },
    "@angular/common/http": {
      "src": "../../../../../node_modules/@angular/common/fesm2022/http.mjs",
      "file": "@angular_common_http.js",
      "fileHash": "405e7e90",
      "needsInterop": false
    },
    "@angular/core": {
      "src": "../../../../../node_modules/@angular/core/fesm2022/core.mjs",
      "file": "@angular_core.js",
      "fileHash": "1b27a80b",
      "needsInterop": false
    },
    "@angular/forms": {
      "src": "../../../../../node_modules/@angular/forms/fesm2022/forms.mjs",
      "file": "@angular_forms.js",
      "fileHash": "eba2372f",
      "needsInterop": false
    },
    "@angular/material/button": {
      "src": "../../../../../node_modules/@angular/material/fesm2022/button.mjs",
      "file": "@angular_material_button.js",
      "fileHash": "70216c88",
      "needsInterop": false
    },
    "@angular/material/core": {
      "src": "../../../../../node_modules/@angular/material/fesm2022/core.mjs",
      "file": "@angular_material_core.js",
      "fileHash": "0725674b",
      "needsInterop": false
    },
    "@angular/material/datepicker": {
      "src": "../../../../../node_modules/@angular/material/fesm2022/datepicker.mjs",
      "file": "@angular_material_datepicker.js",
      "fileHash": "2ca810b7",
      "needsInterop": false
    },
    "@angular/material/form-field": {
      "src": "../../../../../node_modules/@angular/material/fesm2022/form-field.mjs",
      "file": "@angular_material_form-field.js",
      "fileHash": "e9e93f23",
      "needsInterop": false
    },
    "@angular/material/icon": {
      "src": "../../../../../node_modules/@angular/material/fesm2022/icon.mjs",
      "file": "@angular_material_icon.js",
      "fileHash": "345c398d",
      "needsInterop": false
    },
    "@angular/material/input": {
      "src": "../../../../../node_modules/@angular/material/fesm2022/input.mjs",
      "file": "@angular_material_input.js",
      "fileHash": "d4ae8123",
      "needsInterop": false
    },
    "@angular/material/menu": {
      "src": "../../../../../node_modules/@angular/material/fesm2022/menu.mjs",
      "file": "@angular_material_menu.js",
      "fileHash": "011b69be",
      "needsInterop": false
    },
    "@angular/material/select": {
      "src": "../../../../../node_modules/@angular/material/fesm2022/select.mjs",
      "file": "@angular_material_select.js",
      "fileHash": "5325f9b7",
      "needsInterop": false
    },
    "@angular/material/table": {
      "src": "../../../../../node_modules/@angular/material/fesm2022/table.mjs",
      "file": "@angular_material_table.js",
      "fileHash": "52126f1e",
      "needsInterop": false
    },
    "@angular/material/toolbar": {
      "src": "../../../../../node_modules/@angular/material/fesm2022/toolbar.mjs",
      "file": "@angular_material_toolbar.js",
      "fileHash": "75206004",
      "needsInterop": false
    },
    "@angular/platform-browser": {
      "src": "../../../../../node_modules/@angular/platform-browser/fesm2022/platform-browser.mjs",
      "file": "@angular_platform-browser.js",
      "fileHash": "2658f34f",
      "needsInterop": false
    },
    "@angular/platform-browser/animations/async": {
      "src": "../../../../../node_modules/@angular/platform-browser/fesm2022/animations/async.mjs",
      "file": "@angular_platform-browser_animations_async.js",
      "fileHash": "41a3ffc7",
      "needsInterop": false
    },
    "@angular/router": {
      "src": "../../../../../node_modules/@angular/router/fesm2022/router.mjs",
      "file": "@angular_router.js",
      "fileHash": "871bc977",
      "needsInterop": false
    },
    "rxjs": {
      "src": "../../../../../node_modules/rxjs/dist/esm5/index.js",
      "file": "rxjs.js",
      "fileHash": "e179f786",
      "needsInterop": false
    },
    "xirr": {
      "src": "../../../../../node_modules/xirr/xirr.js",
      "file": "xirr.js",
      "fileHash": "66ebe95d",
      "needsInterop": true
    }
  },
  "chunks": {
    "browser-PZSTFMKT": {
      "file": "browser-PZSTFMKT.js"
    },
    "chunk-EVWIVWI6": {
      "file": "chunk-EVWIVWI6.js"
    },
    "chunk-KRHUSCAK": {
      "file": "chunk-KRHUSCAK.js"
    },
    "chunk-VRBMEXDT": {
      "file": "chunk-VRBMEXDT.js"
    },
    "chunk-P7RLE5YQ": {
      "file": "chunk-P7RLE5YQ.js"
    },
    "chunk-PREW3OV3": {
      "file": "chunk-PREW3OV3.js"
    },
    "chunk-FNXIERXR": {
      "file": "chunk-FNXIERXR.js"
    },
    "chunk-NKH6NYL5": {
      "file": "chunk-NKH6NYL5.js"
    },
    "chunk-ZU2GJPF3": {
      "file": "chunk-ZU2GJPF3.js"
    },
    "chunk-GVKTVOVF": {
      "file": "chunk-GVKTVOVF.js"
    },
    "chunk-HEUV5EUW": {
      "file": "chunk-HEUV5EUW.js"
    },
    "chunk-VBIE6LKH": {
      "file": "chunk-VBIE6LKH.js"
    },
    "chunk-M4XJ4RAE": {
      "file": "chunk-M4XJ4RAE.js"
    },
    "chunk-CO2UG7VT": {
      "file": "chunk-CO2UG7VT.js"
    },
    "chunk-WKYGNSYM": {
      "file": "chunk-WKYGNSYM.js"
    }
  }
}